"Timestamp","Username","  1. Age Group  ","  2. Gender  ","3. Which social media platforms do you use regularly? ","  4. How many hours per day do you spend on social media?  ","  5. What time of day do you use social media the most?  ","  6. What is your primary purpose for using social media?  ","  7. Which device do you mostly use for accessing social media?  ","  8. How often do you check your social media accounts?  ","  9. Do you feel social media affects your productivity?  ","  10. Have you ever taken a break from social media (detox)?  ","  11. Do you follow influencers or celebrities on social media?  ","  12. What type of content do you enjoy the most?  "
"2025/11/30 2:03:40 pm GMT+5:30","lovelyvengat95@gmail.com","18–24","Male","Instagram;Facebook;WhatsApp;YouTube","2–3 hours","Late Night","Entertainment","Smartphone","Every 10–15 minutes","Yes","Yes","Yes","Reels/Short videos"
"2025/11/30 2:09:52 pm GMT+5:30","darkdeviljoe058@gmail.com","18–24","Male","WhatsApp","2–3 hours","Evening","Educational content","Smartphone","A few times a day","Maybe","No","No","Educational posts"
"2025/11/30 2:10:18 pm GMT+5:30","gg3093590@gmail.com","18–24","Male","Instagram","Less than 1 hour","Evening","News & updates","Smartphone","Once a day","No","No","Yes","Travel/Food content"
"2025/11/30 2:14:24 pm GMT+5:30","samira2007kareem42@gmail.com","18–24","Female","WhatsApp;YouTube;Snapchat","1–2 hours","Evening","Educational content","Smartphone","Once a day","Maybe","Yes","No","News updates"
"2025/11/30 2:16:06 pm GMT+5:30","rajamohanssriharir@gmail.com","44+","Male","Facebook;WhatsApp;YouTube","2–3 hours","Morning","Entertainment","Smartphone","Rarely","Maybe","No","No","Reels/Short videos"
"2025/11/30 2:16:32 pm GMT+5:30","massmohan.j.s.1973@gmail.com","18–24","Male","Instagram;WhatsApp;YouTube;","1–2 hours","Evening","Entertainment","Smartphone","Rarely","Yes","No","No","Reels/Short videos"
"2025/11/30 3:03:34 pm GMT+5:30","jeevakabbadi2387@gmail.com","Under 18","Male","Instagram;Facebook;WhatsApp;YouTube","1–2 hours","Morning","Educational content","Smartphone","Every hour","Yes","Yes","Yes","Reels/Short videos"
"2025/11/30 4:44:16 pm GMT+5:30","janarthananmurugan07@gmail.com","Under 18","Male","Instagram;WhatsApp;YouTube","Less than 1 hour","Late Night","Educational content","Smartphone","Every 10–15 minutes","Maybe","No","Yes","Reels/Short videos"
"2025/11/30 4:48:45 pm GMT+5:30","r.dhivagar261@gmail.com","18–24","Male","Instagram","Less than 1 hour","Evening","Entertainment","Smartphone","A few times a day","Maybe","No","Yes","Reels/Short videos"
"2025/11/30 4:50:06 pm GMT+5:30","moorthivasan47@gmail.com","18–24","Male","Instagram;Facebook;WhatsApp;YouTube","More than 4 hours","Late Night","Professional networking","Smartphone","Once a day","Maybe","Yes","No","Reels/Short videos"
"2025/11/30 4:52:16 pm GMT+5:30","sivaraman8300@gmail.com","18–24","Male","Instagram;WhatsApp","1–2 hours","Morning","Professional networking","Smartphone","Once a day","Maybe","Yes","Yes","Reels/Short videos"
"2025/11/30 4:52:35 pm GMT+5:30","mtrajeshkumar165@gmail.com","18–24","Male","YouTube","2–3 hours","Early Morning","News & updates","Smartphone","Every hour","No","No","No","Memes"
"2025/11/30 4:52:52 pm GMT+5:30","j.rajeshkumar6374@gmail.com","18–24","Male","Instagram;Facebook;WhatsApp;YouTube","1–2 hours","Evening","News & updates","Smartphone","Once a day","Yes","No","Yes","Memes"
"2025/11/30 4:54:16 pm GMT+5:30","mrirfaxx45@gmail.com","18–24","Male","Instagram;WhatsApp;YouTube","More than 4 hours","Evening","Entertainment","Smartphone","Every hour","Yes","Yes","Yes","Reels/Short videos"
"2025/11/30 4:56:19 pm GMT+5:30","dhanush.dhanush132007@gmail.com","18–24","Male","Instagram","3–4 hours","Late Night","Entertainment","Smartphone","Every hour","Maybe","No","Yes","Reels/Short videos"
"2025/11/30 4:59:21 pm GMT+5:30","vengadesh2224@gmail.com","18–24","Male","Instagram;WhatsApp;YouTube","2–3 hours","Afternoon","Educational content","Smartphone","Once a day","No","No","No","Educational posts"
"2025/11/30 5:10:31 pm GMT+5:30","naveenkumars4920@gmail.com","25–34","Male","Instagram;WhatsApp;YouTube","2–3 hours","Afternoon","Educational content","Smartphone","A few times a day","Maybe","Yes","Yes","Travel/Food content"
"2025/11/30 5:16:47 pm GMT+5:30","vinithvns2606@gmail.com","18–24","Male","Instagram;Facebook;WhatsApp;YouTube","3–4 hours","Morning","News & updates","Smartphone","A few times a day","Maybe","No","Yes","News updates"
"2025/11/30 5:20:15 pm GMT+5:30","dangermacrossi10@gmail.com","18–24","Male","Instagram;Facebook;WhatsApp;YouTube;Snapchat","More than 4 hours","Early Morning","Entertainment","Smartphone","Rarely","Yes","Yes","Yes","Reels/Short videos"
"2025/11/30 5:26:13 pm GMT+5:30","vigneshvishal.sivakumar@gmail.com","18–24","Male","Instagram","1–2 hours","Evening","Educational content","Smartphone","Once a day","Yes","Yes","Yes","Reels/Short videos"
"2025/11/30 5:26:27 pm GMT+5:30","yokesh2209@gmail.com","18–24","Male","Instagram;WhatsApp;YouTube;Snapchat","2–3 hours","Late Night","Educational content","Smartphone","Every hour","Maybe","Yes","Yes","Reels/Short videos"
"2025/11/30 5:34:15 pm GMT+5:30","nivashmkp4709@gmail.com","18–24","Male","Instagram","2–3 hours","Afternoon","Entertainment","Smartphone","Every 10–15 minutes","Maybe","Yes","No","Reels/Short videos"
"2025/11/30 5:40:06 pm GMT+5:30","kalaivanankamaraj24@gmail.com","18–24","Male","Instagram;Facebook;WhatsApp;","1–2 hours","Evening","Entertainment","Laptop","Rarely","Yes","Yes","Yes","Reels/Short videos"
"2025/11/30 5:44:26 pm GMT+5:30","sb127915@gmail.com","18–24","Male","Instagram;WhatsApp","2–3 hours","Evening","Entertainment","Smartphone","A few times a day","Maybe","No","No","Reels/Short videos"
"2025/11/30 5:46:56 pm GMT+5:30","pguru1358@gmail.com","18–24","Male","Instagram","More than 4 hours","Early Morning","Educational content","Laptop","Once a day","No","Yes","Yes","Memes"
"2025/11/30 5:49:22 pm GMT+5:30","mugileshn3@gmail.com","18–24","Male","Instagram;WhatsApp;YouTube;Snapchat","2–3 hours","Evening","Staying connected with friends/family","Smartphone","Every hour","Maybe","No","Yes","Reels/Short videos"
"2025/11/30 5:52:32 pm GMT+5:30","12345vjrkk@gmail.com","18–24","Male","Instagram;WhatsApp;YouTube","1–2 hours","Evening","Staying connected with friends/family","Smartphone","Every hour","Yes","Yes","Yes","Reels/Short videos"
"2025/11/30 5:55:05 pm GMT+5:30","nknithish468@gmail.com","Under 18","Male","Instagram;WhatsApp;YouTube","2–3 hours","Afternoon","Educational content","Smartphone","A few times a day","Maybe","Yes","Yes","Educational posts"
"2025/11/30 6:06:29 pm GMT+5:30","naveenasenthil55@gmail.com","18–24","Female","Instagram;WhatsApp;YouTube;Snapchat","1–2 hours","Afternoon","News & updates","Smartphone","Every hour","No","No","No","News updates"
"2025/11/30 6:07:49 pm GMT+5:30","sowmiyaumesh09@gmail.com","18–24","Female","Instagram;WhatsApp;YouTube;Snapchat","More than 4 hours","Evening","News & updates","Smartphone","Every hour","Yes","No","No","Reels/Short videos"
"2025/11/30 6:09:17 pm GMT+5:30","sakthivelram2003@gmail.com","18–24","Male","Instagram;Facebook;WhatsApp;YouTube","3–4 hours","Late Night","Entertainment","Smartphone","A few times a day","Yes","Yes","No","Reels/Short videos"
"2025/11/30 6:17:01 pm GMT+5:30","soulmatesparrow@gmail.com","18–24","Male","Instagram;WhatsApp;Twitter","More than 4 hours","Evening","Educational content","Laptop","Every hour","Maybe","Yes","Yes","Educational posts"
"2025/11/30 6:20:32 pm GMT+5:30","gokulbk333@gmail.com","18–24","Male","Instagram;YouTube","2–3 hours","Evening","Entertainment","Smartphone","Every 10–15 minutes","Maybe","","Yes","Reels/Short videos"
"2025/11/30 6:28:50 pm GMT+5:30","satheeshsarangapanis@gmail.com","25–34","Male","Instagram","1–2 hours","Evening","Entertainment","Smartphone","A few times a day","Yes","Yes","No","Reels/Short videos"
"2025/11/30 6:31:01 pm GMT+5:30","jjaihind003@gmail.com","18–24","Male","Instagram","1–2 hours","Evening","Educational content","Laptop","Every hour","Yes","Yes","No","Educational posts"
"2025/11/30 6:31:08 pm GMT+5:30","abishekaarthi187@gmail.com","18–24","Male","Instagram;WhatsApp;YouTube","3–4 hours","Evening","Entertainment","Laptop","Once a day","Maybe","No","No","Travel/Food content"
"2025/11/30 6:37:06 pm GMT+5:30","gurusamysubash1991@gmail.com","25–34","Male","YouTube","1–2 hours","Late Night","Entertainment","Smartphone","A few times a day","No","Yes","No","Travel/Food content"
"2025/11/30 6:45:34 pm GMT+5:30","vishnudurga991@gmail.com","18–24","Male","Instagram;WhatsApp;YouTube","More than 4 hours","Evening","Entertainment","Smartphone","Once a day","Maybe","Yes","Yes","Reels/Short videos"